[
    {
        "img": "",
        "title": "Безоплатна вакцинація від Covid-19"
    },
    {
        "img": "",
        "title": "Безоплатна вакцинація від Covid-19"
    },
    {
        "img": "",
        "title": "Безоплатна вакцинація від Covid-19"
    },
    {
        "img": "",
        "title": "Безоплатна вакцинація від Covid-19"
    },
    {
        "img": "",
        "title": "Безоплатна вакцинація від Covid-19"
    },
    {
        "img": "",
        "title": "Безоплатна вакцинація від Covid-19"
    }
]