[
    {
        "src": "../img/news.jpg",
        "title": "Баріатрична хірургія",
        "desc": "Зайва вага вже давно перестала бути лише естетичною проблемою. У людини із зайвою вагою частіше зустрічаються проблеми в особистому житті та погіршення здоров’я, адже в цьому випадку страждають серцевий м’яз, суглоби та судини....",
        "author": "Сорочан С.В.",
        "num": 15,
        "month": "січ",
        "year": 2022
    },
    {
        "src": "../img/news.jpg",
        "title": "Баріатрична хірургія",
        "desc": "Зайва вага вже давно перестала бути лише естетичною проблемою. У людини із зайвою вагою частіше зустрічаються проблеми в особистому житті та погіршення здоров’я, адже в цьому випадку страждають серцевий м’яз, суглоби та судини....",
        "author": "Сорочан С.В.",
        "num": 15,
        "month": "січ",
        "year": 2022
    },
    {
        "src": "../img/news.jpg",
        "title": "Баріатрична хірургія",
        "desc": "Зайва вага вже давно перестала бути лише естетичною проблемою. У людини із зайвою вагою частіше зустрічаються проблеми в особистому житті та погіршення здоров’я, адже в цьому випадку страждають серцевий м’яз, суглоби та судини....",
        "author": "Сорочан С.В.",
        "num": 15,
        "month": "січ",
        "year": 2022
    },
    {
        "src": "../img/news.jpg",
        "title": "Баріатрична хірургія",
        "desc": "Зайва вага вже давно перестала бути лише естетичною проблемою. У людини із зайвою вагою частіше зустрічаються проблеми в особистому житті та погіршення здоров’я, адже в цьому випадку страждають серцевий м’яз, суглоби та судини....",
        "author": "Сорочан С.В.",
        "num": 15,
        "month": "січ",
        "year": 2022
    }
]