[
    {
        "feedback": "Чудове обслуговування сучасного рівня. Усією родиною уклали договір з сімейним лікарем-отримуємо кваліфіковану первинну допомогу безкоштовно,що вражає. Найкращі фахівці у поєднанні з прозорою системою ціноутворення,на відміну від державних закладів,у старих будівлях з псевдо безкоштовним лікуванням. Все чудово, безпечно, якісно. Рекомендую",
        "author": "Юля Фатеева"
    },
    {
        "feedback": "Чудове обслуговування сучасного рівня. Усією родиною уклали договір з сімейним лікарем-отримуємо кваліфіковану первинну допомогу безкоштовно,що вражає. Найкращі фахівці у поєднанні з прозорою системою ціноутворення,на відміну від державних закладів,у старих будівлях з псевдо безкоштовним лікуванням. Все чудово, безпечно, якісно. Рекомендую",
        "author": "Юля Фатеева"
    },
    {
        "feedback": "Чудове обслуговування сучасного рівня. Усією родиною уклали договір з сімейним лікарем-отримуємо кваліфіковану первинну допомогу безкоштовно,що вражає. Найкращі фахівці у поєднанні з прозорою системою ціноутворення,на відміну від державних закладів,у старих будівлях з псевдо безкоштовним лікуванням. Все чудово, безпечно, якісно. Рекомендую",
        "author": "Юля Фатеева"
    },
    {
        "feedback": "Чудове обслуговування сучасного рівня. Усією родиною уклали договір з сімейним лікарем-отримуємо кваліфіковану первинну допомогу безкоштовно,що вражає. Найкращі фахівці у поєднанні з прозорою системою ціноутворення,на відміну від державних закладів,у старих будівлях з псевдо безкоштовним лікуванням. Все чудово, безпечно, якісно. Рекомендую",
        "author": "Юля Фатеева"
    }
]