[
    {
        "src": "../img/news.jpg",
        "title": "Тренінги з невідкладної допомоги",
        "desc": "Дуже важливо, саме зараз, разом зі Збройними Силами України,  кожному вести свою маленьку боротьбу. Для нашого колективу - це боротьба за життя й здоров'я військових та цивільного населення країни. Тож, колектив #КЛІНІКИ_СІМЕЙНОГО_ЗДОРОВ'Я, підтриманий молодими й енергійними інструкторами-лікарями та парамедиками, продовжує практичний інтенсивний  курс домедичної_допомоги",
        "author": "Автор А. А.",
        "num": 27,
        "month": "лют",
        "year": 2022
    },
    {
        "src": "../img/news.jpg",
        "title": "Тренінги з невідкладної допомоги",
        "desc": "Дуже важливо, саме зараз, разом зі Збройними Силами України,  кожному вести свою маленьку боротьбу. Для нашого колективу - це боротьба за життя й здоров'я військових та цивільного населення країни. Тож, колектив #КЛІНІКИ_СІМЕЙНОГО_ЗДОРОВ'Я, підтриманий молодими й енергійними інструкторами-лікарями та парамедиками, продовжує практичний інтенсивний  курс домедичної_допомоги",
        "author": "Автор А. А.",
        "num": 27,
        "month": "лют",
        "year": 2022
    }
]